"trait","Chromosome","Position","Alleles","maf","P.value_STP_2017","effect_STP_2017","percent_variation_explained_STP_2017","P.value_STP_2018","effect_STP_2018","percent_variation_explained_STP_2018","P.value_TLI_2017","effect_TLI_2017","percent_variation_explained_TLI_2017","P.value_TLI_2018","effect_TLI_2018","percent_variation_explained_TLI_2018"
"rachis_breaks_mean","Chr01","77245973","A/T",0.04,NA,NA,NA,NA,NA,NA,NA,NA,NA,4.29,0.11,0.01
"rachis_breaks_mean","Chr01","405808201","G/C",0.42,NA,NA,NA,5.26,0.2,0.05,NA,NA,NA,NA,NA,NA
"rachis_breaks_mean","Chr02","143430796","G/A",0.05,NA,NA,NA,NA,NA,NA,NA,NA,NA,4.16,0.1,0.01
"rachis_breaks_mean","Chr04","186994203","C/G",0.16,4.47,-0.18,0.01,NA,NA,NA,NA,NA,NA,NA,NA,NA
"rachis_breaks_mean","Chr04","262582812","A/T",0.05,NA,NA,NA,NA,NA,NA,NA,NA,NA,4.18,0.11,0.01
"rachis_breaks_mean","Chr06","394909182","C/T",0.21,4.18,-0.16,0.01,NA,NA,NA,NA,NA,NA,NA,NA,NA
"rachis_breaks_mean","Chr06","396830702","T/C",0.04,NA,NA,NA,NA,NA,NA,NA,NA,NA,3.86,0.1,0.02
"rachis_breaks_mean","Chr06","532845545","G/A",0.04,NA,NA,NA,4.36,0.34,0.02,NA,NA,NA,NA,NA,NA
"rachis_breaks_mean","Chr07","63220880","G/A",0.04,NA,NA,NA,4,0.3,0.01,NA,NA,NA,NA,NA,NA
"rachis_breaks_mean","Chr07","66140981","A/G",0.07,8.93,0.3,0.04,NA,NA,NA,NA,NA,NA,NA,NA,NA
"rachis_breaks_mean","Chr07","120924755","C/T",0.03,NA,NA,NA,NA,NA,NA,3.97,0.41,0.02,NA,NA,NA
"rachis_breaks_mean","Chr07","172148769","T/A",0.49,NA,NA,NA,NA,NA,NA,NA,NA,NA,4.39,0.05,0.01
"rachis_breaks_mean","Chr07","271265676","A/C",0.05,NA,NA,NA,5.07,-0.43,0.06,NA,NA,NA,NA,NA,NA
"rachis_breaks_mean","Chr07","350460622","G/A",0.08,3.67,-0.18,0,NA,NA,NA,NA,NA,NA,NA,NA,NA
"rachis_breaks_mean","Chr07","350585028","G/C",0.4,NA,NA,NA,NA,NA,NA,4.56,0.18,0,NA,NA,NA
"rachis_breaks_mean","Chr08","36544509","C/T",0.15,NA,NA,NA,NA,NA,NA,NA,NA,NA,3.74,0.07,0.01
"rachis_breaks_mean","Chr09","147855386","C/G",0.36,NA,NA,NA,NA,NA,NA,3.63,-0.17,0.01,NA,NA,NA
"rachis_breaks_mean","Chr10","436139188","G/A",0.06,NA,NA,NA,NA,NA,NA,NA,NA,NA,5.42,0.1,0.01
"rachis_breaks_mean","Chr16","49416735","G/A",0.02,NA,NA,NA,NA,NA,NA,NA,NA,NA,4.25,0.14,0.02
"rachis_breaks_mean","Chr18","214242119","G/A",0.05,NA,NA,NA,NA,NA,NA,7.2,0.44,0.04,NA,NA,NA
"rachis_breaks_mean","Chr19","641594491","C/T",0.02,NA,NA,NA,NA,NA,NA,3.72,-0.38,0,NA,NA,NA
"rachis_breaks_mean","Chr20","5976092","C/T",0.09,3.67,-0.14,0.01,NA,NA,NA,NA,NA,NA,NA,NA,NA
"rachis_breaks_mean","Chr20","574246240","C/T",0.02,NA,NA,NA,NA,NA,NA,4.68,-0.45,0.02,NA,NA,NA
"rachis_breaks_mean","Chr21","43573217","G/A",0.02,NA,NA,NA,4.42,0.56,0.03,NA,NA,NA,NA,NA,NA
"floret_score_mean","Chr02","333426473","G/A",0.41,NA,NA,NA,NA,NA,NA,3.99,-0.26,0.05,NA,NA,NA
"floret_score_mean","Chr04","183774473","A/G",0.16,NA,NA,NA,4.63,-0.43,0.03,NA,NA,NA,NA,NA,NA
"floret_score_mean","Chr04","247408826","C/T",0.03,5.27,-1.04,0,NA,NA,NA,NA,NA,NA,NA,NA,NA
"floret_score_mean","Chr05","299979105","A/G",0.05,NA,NA,NA,4.22,-1.3,0.02,NA,NA,NA,NA,NA,NA
"floret_score_mean","Chr05","324907771","T/G",0.25,NA,NA,NA,NA,NA,NA,3.81,0.26,0.02,NA,NA,NA
"floret_score_mean","Chr05","391948474","C/G",0.39,NA,NA,NA,NA,NA,NA,NA,NA,NA,4.51,-0.05,0.01
"floret_score_mean","Chr05","394992438","G/C",0.03,5.45,-1.05,0.03,NA,NA,NA,NA,NA,NA,NA,NA,NA
"floret_score_mean","Chr06","32397489","C/T",0.05,NA,NA,NA,NA,NA,NA,NA,NA,NA,5.32,0.08,0.02
"floret_score_mean","Chr07","462853440","G/T",0.46,NA,NA,NA,NA,NA,NA,3.81,-0.33,0.01,NA,NA,NA
"floret_score_mean","Chr07","484255571","C/G",0.06,3.96,-0.58,0.03,NA,NA,NA,NA,NA,NA,NA,NA,NA
"floret_score_mean","Chr08","72972971","T/C",0.5,NA,NA,NA,NA,NA,NA,NA,NA,NA,5.32,-0.46,0.02
"floret_score_mean","Chr09","57079262","C/A",0.05,NA,NA,NA,NA,NA,NA,NA,NA,NA,4.87,0.07,0.01
"floret_score_mean","Chr10","186735495","T/A",0.05,NA,NA,NA,NA,NA,NA,NA,NA,NA,3.69,0.07,0
"floret_score_mean","Chr11","11700200","G/C",0.02,NA,NA,NA,NA,NA,NA,NA,NA,NA,3.99,0.09,0.01
"floret_score_mean","Chr11","231841692","C/T",0.43,NA,NA,NA,NA,NA,NA,9.26,-0.33,0.08,NA,NA,NA
"floret_score_mean","Chr13","282529292","A/T",0.49,NA,NA,NA,5.18,-0.88,0.01,NA,NA,NA,NA,NA,NA
"floret_score_mean","Chr14","511253465","G/T",0.23,NA,NA,NA,5.23,0.31,0.02,NA,NA,NA,NA,NA,NA
"floret_score_mean","Chr15","24540664","G/A",0.29,3.98,-0.35,0.01,NA,NA,NA,NA,NA,NA,NA,NA,NA
"floret_score_mean","Chr15","360964073","G/A",0.02,NA,NA,NA,4.68,0.92,0.02,NA,NA,NA,NA,NA,NA
"floret_score_mean","Chr16","13393236","T/A",0.03,NA,NA,NA,3.91,0.55,0.01,NA,NA,NA,NA,NA,NA
"floret_score_mean","Chr16","317104001","G/A",0.1,NA,NA,NA,NA,NA,NA,NA,NA,NA,3.87,0.05,0.01
"floret_score_mean","Chr19","632334545","G/A",0.03,3.71,0.99,0.2,NA,NA,NA,NA,NA,NA,NA,NA,NA
"floret_score_mean","Chr19","778538126","T/C",0.4,NA,NA,NA,NA,NA,NA,5.5,-0.25,0,NA,NA,NA
"floret_score_mean","Chr20","78921696","C/G",0.08,3.8,0.48,0.02,NA,NA,NA,NA,NA,NA,NA,NA,NA
"floret_score_mean","Chr20","199689244","T/A",0.01,NA,NA,NA,NA,NA,NA,NA,NA,NA,4.84,0.16,0.02
"floret_score_mean","Chr20","593264859","T/C",0.09,NA,NA,NA,4.69,-0.37,0.02,NA,NA,NA,NA,NA,NA
"threshability","Chr02","394054035","G/T",0.02,NA,NA,NA,NA,NA,NA,NA,NA,NA,4.64,-0.09,0.03
"threshability","Chr05","86058515","G/A",0.35,NA,NA,NA,NA,NA,NA,11.39,-0.09,0.04,NA,NA,NA
"threshability","Chr05","156358046","G/T",0.35,NA,NA,NA,NA,NA,NA,12.72,-0.1,0.08,NA,NA,NA
"threshability","Chr05","232392097","C/T",0.39,NA,NA,NA,NA,NA,NA,4.08,-0.05,0,NA,NA,NA
"threshability","Chr05","261602958","T/A",0.05,NA,NA,NA,3.81,-0.1,0.03,NA,NA,NA,NA,NA,NA
"threshability","Chr05","263265303","G/A",0.3,6.96,-0.08,0.06,NA,NA,NA,NA,NA,NA,NA,NA,NA
"threshability","Chr06","64457302","C/G",0.03,NA,NA,NA,NA,NA,NA,NA,NA,NA,3.63,0.08,0.03
"threshability","Chr07","506836505","T/C",0.01,3.86,-0.14,0.01,NA,NA,NA,NA,NA,NA,NA,NA,NA
"threshability","Chr08","72972971","T/C",0.5,NA,NA,NA,NA,NA,NA,NA,NA,NA,4.66,0.38,0.02
"threshability","Chr11","32523201","G/A",0.02,NA,NA,NA,3.88,-0.13,0.01,NA,NA,NA,NA,NA,NA
"threshability","Chr13","237811341","A/G",0.02,NA,NA,NA,3.72,-0.14,0,NA,NA,NA,NA,NA,NA
"threshability","Chr15","97902578","T/C",0.02,NA,NA,NA,3.88,-0.14,0.02,NA,NA,NA,NA,NA,NA
"threshability","Chr16","315495424","G/C",0.32,3.63,-0.04,0.03,NA,NA,NA,NA,NA,NA,NA,NA,NA
"threshability","Chr19","163945333","C/T",0.02,3.77,-0.1,0.02,NA,NA,NA,NA,NA,NA,NA,NA,NA
"threshability","Chr20","1840999","A/G",0.03,NA,NA,NA,NA,NA,NA,4,-0.11,0.02,NA,NA,NA
