,,,,,STP 2017,,,STP 2018,,,TLI 2017,,,TLI 2018,,
Trait,Chr,Pos,Alleles,MAF,log10(p),Effect,PVE,log10(p),Effect,PVE,log10(p),Effect,PVE,log10(p),Effect,PVE
Brittle Rachis,7,66140981,A/G,0.07,8.93,0.3,0.03,6.88,0.37,0.03,10.63,0.41,0.05,6.04,0.1,0.0181
,7,166602183,G/A,0.05,5.09,0.29,0.00,-,-,-,5.65,0.39,0.00,-,-,-
,7,167995817,A/C,0.05,-,-,-,5.07,-0.43,0.00,-,-,-,4.67,-0.11,0.0136
,7,230540646,T/C,0.05,4.1,0.24,0.00,-,-,-,4.8,0.32,0.00,-,-,-
,7,353992030,T/C,0.05,5.99,-0.3,0.00,-,-,-,5.65,-0.36,0.00,-,-,-
,8,57185788,T/A,0.07,-,-,-,3.7,0.26,0.00,-,-,-,4.31,0.09,0.0025
,8,77402910,G/A,0.46,4,-0.11,0.04,-,-,-,3.84,-0.14,0.02,-,-,-
,14,386756967,G/A,0.07,-,-,-,4.34,0.3,0.02,-,-,-,4.55,0.09,0.0051
,18,214242119,G/A,0.05,5.13,0.29,0.02,-,-,-,7.2,0.44,0.07,-,-,-
Floret Shattering,2,204450791,C/T,0.03,5.24,1.26,0.49,4.01,0.9,0.05,-,-,-,-,-,-
,2,278677992,C/A,0.45,8.91,-0.47,0.03,3.63,-0.24,0.02,-,-,-,-,-,-
,3,133897959,G/A,0.03,4.89,1.18,0.01,3.96,0.87,0.00,-,-,-,-,-,-
,3,347078225,C/T,0.03,5.03,1.19,0.00,3.8,0.84,0.00,-,-,-,-,-,-
,6,524746973,T/C,0.37,8.38,-0.56,0.02,-,-,-,5.3,-0.32,0.01,-,-,-
,9,106857528,G/A,0.03,4.35,1.11,0.03,4.61,0.95,0.08,-,-,-,-,-,-
,10,436139244,A/G,0.46,4.79,0.32,0.00,-,-,-,4.74,0.23,0.01,-,-,-
,11,228804489,T/G,0.42,5.71,-0.29,0.06,4.23,-0.2,0.03,-,-,-,-,-,-
,15,454588273,C/A,0.05,6.83,2.18,0.22,5.85,1.66,0.07,-,-,-,-,-,-
,18,40836512,G/A,0.46,5.11,-0.57,0.01,-,-,-,3.8,-0.36,0.00,5.12,-0.07,0.0088
Threshability,5,86058515,G/A,0.35,-,-,-,6.26,-0.07,0.01,11.39,-0.09,0.03,-,-,-
,5,156358046,G/T,0.35,12.36,-0.09,0.06,11.03,-0.1,0.05,12.72,-0.1,0.06,-,-,-
,5,219902957,C/T,0.45,8.21,-0.07,0.02,-,-,-,-,-,-,-,-,-
,5,219902957,C/T,0.46,-,-,-,8.39,-0.08,0.02,7.52,-0.07,0.01,-,-,-
,6,147094010,C/G,0.27,5.11,0.07,0.02,-,-,-,4.5,0.07,0.02,-,-,-
,6,334530477,C/T,0.27,5.23,0.08,0.01,-,-,-,3.63,0.07,0.01,-,-,-
,6,424161336,T/A,0.05,6.19,-0.11,0.01,4.85,-0.11,0.01,-,-,-,-,-,-
,18,17030514,G/A,0.09,3.98,-0.06,0.03,5.82,-0.09,0.03,-,-,-,-,-,-
,18,165923396,C/A,0.08,4.91,-0.08,0.03,-,-,-,4.06,-0.08,0.01,-,-,-
,18,291366356,G/A,0.08,4.14,-0.07,0.00,-,-,-,3.68,-0.07,0.00,-,-,-